{
  "actual_speed_mph": 8.0,
  "feature_names": [
    "Cadence_spm",
    "RMS_Z",
    "PeakToPeak_Z",
    "Gyro_RMS_X",
    "Gyro_RMS_Y",
    "Gyro_RMS_Z",
    "Accel_Mag_RMS",
    "Dynamic_Accel_Mag_RMS",
    "Accel_Mag_P95_P05",
    "Accel_Mag_Jerk_RMS",
    "Accel_HighFreq_Energy_Ratio",
    "Gyro_Mag_RMS",
    "GyroY_PeakToPeak",
    "Accel_Anisotropy",
    "Vertical_Peak_Sharpness",
    "Impact_Impulse",
    "Peak_Symmetry",
    "Impact_Crest_Factor",
    "Impact_Local_Kurtosis"
  ],
  "features": {
    "Accel_Anisotropy": 0.9625533034305476,
    "Accel_HighFreq_Energy_Ratio": 0.15410851745387377,
    "Accel_Mag_Jerk_RMS": 33.45545446780782,
    "Accel_Mag_P95_P05": 2.4808048770862943,
    "Accel_Mag_RMS": 1.378009224207153,
    "Cadence_spm": 168.00000000000003,
    "Dynamic_Accel_Mag_RMS": 0.8868226921699826,
    "GyroY_PeakToPeak": 90.35309870943578,
    "Gyro_Mag_RMS": 43.18518807425759,
    "Gyro_RMS_X": 24.697181414424602,
    "Gyro_RMS_Y": 33.19147596920029,
    "Gyro_RMS_Z": 12.3828761674338,
    "Impact_Crest_Factor": 1.5813768854559433,
    "Impact_Impulse": 0.11858355843122893,
    "Impact_Local_Kurtosis": -1.3670521137196698,
    "PeakToPeak_Z": 2.6599218141405667,
    "Peak_Symmetry": 0.9561035629178448,
    "RMS_Z": 0.8296150363429108,
    "Vertical_Peak_Sharpness": 13.05108237622423
  },
  "max_research_vs_export_feature_abs_diff": 0.0,
  "source_recording_id": "s1_day2_test5_8mph",
  "window_index": 0
}
