{
  "actual_speed_mph": 2.0,
  "feature_names": [
    "Cadence_spm",
    "RMS_Z",
    "PeakToPeak_Z",
    "Gyro_RMS_X",
    "Gyro_RMS_Y",
    "Gyro_RMS_Z",
    "Accel_Mag_RMS",
    "Dynamic_Accel_Mag_RMS",
    "Accel_Mag_P95_P05",
    "Accel_Mag_Jerk_RMS",
    "Accel_HighFreq_Energy_Ratio",
    "Gyro_Mag_RMS",
    "GyroY_PeakToPeak",
    "Accel_Anisotropy",
    "Vertical_Peak_Sharpness",
    "Impact_Impulse",
    "Peak_Symmetry",
    "Impact_Crest_Factor",
    "Impact_Local_Kurtosis"
  ],
  "features": {
    "Accel_Anisotropy": 0.6488811521370915,
    "Accel_HighFreq_Energy_Ratio": 0.1207300282110816,
    "Accel_Mag_Jerk_RMS": 4.03326695761022,
    "Accel_Mag_P95_P05": 0.41393616283454715,
    "Accel_Mag_RMS": 1.0081386819282356,
    "Cadence_spm": 96.0,
    "Dynamic_Accel_Mag_RMS": 0.12552159009398214,
    "GyroY_PeakToPeak": 35.922093083566075,
    "Gyro_Mag_RMS": 16.325086055454655,
    "Gyro_RMS_X": 11.084318283593268,
    "Gyro_RMS_Y": 8.311964552859932,
    "Gyro_RMS_Z": 8.634672441847462,
    "Impact_Crest_Factor": 2.521473377200165,
    "Impact_Impulse": 0.01221362725867966,
    "Impact_Local_Kurtosis": -0.8770874476525884,
    "PeakToPeak_Z": 0.42540707730766386,
    "Peak_Symmetry": 0.7870911626211204,
    "RMS_Z": 0.10509946907299691,
    "Vertical_Peak_Sharpness": 1.3839012173455292
  },
  "max_research_vs_export_feature_abs_diff": 0.0,
  "source_recording_id": "s1_day2_test9_2mph",
  "window_index": 0
}
