{
  "actual_speed_mph": 8.5,
  "feature_names": [
    "Cadence_spm",
    "RMS_Z",
    "PeakToPeak_Z",
    "Gyro_RMS_X",
    "Gyro_RMS_Y",
    "Gyro_RMS_Z",
    "Accel_Mag_RMS",
    "Dynamic_Accel_Mag_RMS",
    "Accel_Mag_P95_P05",
    "Accel_Mag_Jerk_RMS",
    "Accel_HighFreq_Energy_Ratio",
    "Gyro_Mag_RMS",
    "GyroY_PeakToPeak",
    "Accel_Anisotropy",
    "Vertical_Peak_Sharpness",
    "Impact_Impulse",
    "Peak_Symmetry",
    "Impact_Crest_Factor",
    "Impact_Local_Kurtosis"
  ],
  "features": {
    "Accel_Anisotropy": 0.9503836410691067,
    "Accel_HighFreq_Energy_Ratio": 0.18049314447905987,
    "Accel_Mag_Jerk_RMS": 34.03619439805258,
    "Accel_Mag_P95_P05": 2.4582600473513803,
    "Accel_Mag_RMS": 1.3755693239299902,
    "Cadence_spm": 156.0,
    "Dynamic_Accel_Mag_RMS": 0.8764615819475472,
    "GyroY_PeakToPeak": 84.73291129433254,
    "Gyro_Mag_RMS": 48.18573784203745,
    "Gyro_RMS_X": 32.9493175882735,
    "Gyro_RMS_Y": 32.684976409228426,
    "Gyro_RMS_Z": 12.95762782984723,
    "Impact_Crest_Factor": 1.8026110268669944,
    "Impact_Impulse": 0.12354205846363255,
    "Impact_Local_Kurtosis": -1.350219057488038,
    "PeakToPeak_Z": 3.653426027323779,
    "Peak_Symmetry": 0.949342591465464,
    "RMS_Z": 0.8644362137784494,
    "Vertical_Peak_Sharpness": 12.796050997588091
  },
  "max_research_vs_export_feature_abs_diff": 0.0,
  "source_recording_id": "s1_day3_8p5mph",
  "window_index": 0
}
