{
  "actual_speed_mph": 6.0,
  "feature_names": [
    "Cadence_spm",
    "RMS_Z",
    "PeakToPeak_Z",
    "Gyro_RMS_X",
    "Gyro_RMS_Y",
    "Gyro_RMS_Z",
    "Accel_Mag_RMS",
    "Dynamic_Accel_Mag_RMS",
    "Accel_Mag_P95_P05",
    "Accel_Mag_Jerk_RMS",
    "Accel_HighFreq_Energy_Ratio",
    "Gyro_Mag_RMS",
    "GyroY_PeakToPeak",
    "Accel_Anisotropy",
    "Vertical_Peak_Sharpness",
    "Impact_Impulse",
    "Peak_Symmetry",
    "Impact_Crest_Factor",
    "Impact_Local_Kurtosis"
  ],
  "features": {
    "Accel_Anisotropy": 0.9668032508169399,
    "Accel_HighFreq_Energy_Ratio": 0.12690651694326024,
    "Accel_Mag_Jerk_RMS": 29.994184631070073,
    "Accel_Mag_P95_P05": 2.399726268026747,
    "Accel_Mag_RMS": 1.3514173492812085,
    "Cadence_spm": 144.00000000000003,
    "Dynamic_Accel_Mag_RMS": 0.8689245274968374,
    "GyroY_PeakToPeak": 67.36990460410715,
    "Gyro_Mag_RMS": 40.66785880771865,
    "Gyro_RMS_X": 21.55857433989367,
    "Gyro_RMS_Y": 31.064525641339017,
    "Gyro_RMS_Z": 14.969898433670433,
    "Impact_Crest_Factor": 1.912387333195043,
    "Impact_Impulse": 0.1343158138518695,
    "Impact_Local_Kurtosis": -1.3512642038792422,
    "PeakToPeak_Z": 2.8742171818173565,
    "Peak_Symmetry": 0.9654040603109043,
    "RMS_Z": 0.8374182971332496,
    "Vertical_Peak_Sharpness": 12.290368102780633
  },
  "max_research_vs_export_feature_abs_diff": 0.0,
  "source_recording_id": "s1_day4_20260619_6mph_145spm_normal",
  "window_index": 0
}
